task,regime,split,stress,contact_load,impulse_load,slip_load,jam_load,compliance_load,latency_load,hazard_load
peg_insertion,nominal_contact,nominal,0.1,0.304181,0.051117,0.045066,0.057024,0.033591,0.05216,0.08512
peg_insertion,nominal_contact,seen_contact_shift,0.38,0.371038,0.064366,0.054052,0.070752,0.039619,0.0584,0.108416
peg_insertion,nominal_contact,unseen_geometry,0.52,0.404467,0.089846,0.055849,0.097152,0.042298,0.0636,0.120064
peg_insertion,nominal_contact,unseen_friction,0.6,0.423569,0.064366,0.081907,0.070752,0.044307,0.06568,0.12672
peg_insertion,nominal_contact,unseen_compliance,0.66,0.437896,0.071501,0.062139,0.078144,0.061721,0.06984,0.131712
peg_insertion,nominal_contact,actuator_latency,0.66,0.437896,0.068443,0.06124,0.074976,0.044977,0.09688,0.131712
peg_insertion,nominal_contact,sensor_dropout,0.68,0.442671,0.071501,0.063037,0.078144,0.046986,0.07712,0.133376
peg_insertion,nominal_contact,heldout_mixed_non_smooth_stress,0.86,0.485651,0.087808,0.081009,0.09504,0.059712,0.0896,0.148352
peg_insertion,impact_onset,nominal,0.1,0.526638,0.343213,0.060088,0.133056,0.067182,0.219072,0.4256
peg_insertion,impact_onset,seen_contact_shift,0.38,0.642391,0.432174,0.072069,0.165088,0.079238,0.24528,0.54208
peg_insertion,impact_onset,unseen_geometry,0.52,0.700267,0.603254,0.074465,0.226688,0.084596,0.26712,0.60032
peg_insertion,impact_onset,unseen_friction,0.6,0.733339,0.432174,0.10921,0.165088,0.088614,0.275856,0.6336
peg_insertion,impact_onset,unseen_compliance,0.66,0.758143,0.480077,0.082852,0.182336,0.123442,0.293328,0.65856
peg_insertion,impact_onset,actuator_latency,0.66,0.758143,0.459547,0.081654,0.174944,0.089954,0.406896,0.65856
peg_insertion,impact_onset,sensor_dropout,0.68,0.766411,0.480077,0.08405,0.182336,0.093972,0.323904,0.66688
peg_insertion,impact_onset,heldout_mixed_non_smooth_stress,0.86,0.840824,0.589568,0.108012,0.22176,0.119423,0.37632,0.74176
peg_insertion,stick_slip_transition,nominal,0.1,0.418416,0.124141,0.240353,0.171072,0.105572,0.177344,0.39368
peg_insertion,stick_slip_transition,seen_contact_shift,0.38,0.510381,0.156318,0.288276,0.212256,0.124516,0.19856,0.501424
peg_insertion,stick_slip_transition,unseen_geometry,0.52,0.556364,0.218198,0.297861,0.291456,0.132936,0.21624,0.555296
peg_insertion,stick_slip_transition,unseen_friction,0.6,0.58264,0.156318,0.436838,0.212256,0.139251,0.223312,0.58608
peg_insertion,stick_slip_transition,unseen_compliance,0.66,0.602347,0.173645,0.331407,0.234432,0.19398,0.237456,0.609168
peg_insertion,stick_slip_transition,actuator_latency,0.66,0.602347,0.166219,0.326615,0.224928,0.141356,0.329392,0.609168
peg_insertion,stick_slip_transition,sensor_dropout,0.68,0.608916,0.173645,0.3362,0.234432,0.147671,0.262208,0.616864
peg_insertion,stick_slip_transition,heldout_mixed_non_smooth_stress,0.86,0.668037,0.213248,0.432046,0.28512,0.187665,0.30464,0.686128
peg_insertion,unilateral_lift_off,nominal,0.1,0.388354,0.18256,0.09514,0.104544,0.100773,0.20864,0.32984
peg_insertion,unilateral_lift_off,seen_contact_shift,0.38,0.473712,0.22988,0.114109,0.129712,0.118857,0.2336,0.420112
peg_insertion,unilateral_lift_off,unseen_geometry,0.52,0.516391,0.32088,0.117903,0.178112,0.126894,0.2544,0.465248
peg_insertion,unilateral_lift_off,unseen_friction,0.6,0.54078,0.22988,0.172915,0.129712,0.132922,0.26272,0.49104
peg_insertion,unilateral_lift_off,unseen_compliance,0.66,0.559071,0.25536,0.131182,0.143264,0.185163,0.27936,0.510384
peg_insertion,unilateral_lift_off,actuator_latency,0.66,0.559071,0.24444,0.129285,0.137456,0.134931,0.38752,0.510384
peg_insertion,unilateral_lift_off,sensor_dropout,0.68,0.565168,0.25536,0.133079,0.143264,0.140959,0.30848,0.516832
peg_insertion,unilateral_lift_off,heldout_mixed_non_smooth_stress,0.86,0.620041,0.3136,0.171018,0.17424,0.179135,0.3584,0.574864
peg_insertion,contact_jamming,nominal,0.1,0.442465,0.175258,0.115169,0.456192,0.124767,0.177344,0.45752
peg_insertion,contact_jamming,seen_contact_shift,0.38,0.539717,0.220685,0.138132,0.566016,0.147156,0.19856,0.582736
peg_insertion,contact_jamming,unseen_geometry,0.52,0.588343,0.308045,0.142725,0.777216,0.157107,0.21624,0.645344
peg_insertion,contact_jamming,unseen_friction,0.6,0.616129,0.220685,0.209318,0.566016,0.16457,0.223312,0.68112
peg_insertion,contact_jamming,unseen_compliance,0.66,0.636969,0.245146,0.158799,0.625152,0.229249,0.237456,0.707952
peg_insertion,contact_jamming,actuator_latency,0.66,0.636969,0.234662,0.156503,0.599808,0.167057,0.329392,0.707952
peg_insertion,contact_jamming,sensor_dropout,0.68,0.643915,0.245146,0.161096,0.625152,0.17452,0.262208,0.716896
peg_insertion,contact_jamming,heldout_mixed_non_smooth_stress,0.86,0.706434,0.301056,0.207022,0.76032,0.221786,0.30464,0.797392
peg_insertion,release_snap,nominal,0.1,0.484552,0.306701,0.120177,0.114048,0.100773,0.239936,0.44688
peg_insertion,release_snap,seen_contact_shift,0.38,0.591054,0.386198,0.144138,0.141504,0.118857,0.26864,0.569184
peg_insertion,release_snap,unseen_geometry,0.52,0.644305,0.539078,0.148931,0.194304,0.126894,0.29256,0.630336
peg_insertion,release_snap,unseen_friction,0.6,0.674734,0.386198,0.218419,0.141504,0.132922,0.302128,0.66528
peg_insertion,release_snap,unseen_compliance,0.66,0.697556,0.429005,0.165704,0.156288,0.185163,0.321264,0.691488
peg_insertion,release_snap,actuator_latency,0.66,0.697556,0.410659,0.163308,0.149952,0.134931,0.445648,0.691488
peg_insertion,release_snap,sensor_dropout,0.68,0.705163,0.429005,0.1681,0.156288,0.140959,0.354752,0.700224
peg_insertion,release_snap,heldout_mixed_non_smooth_stress,0.86,0.773629,0.526848,0.216023,0.19008,0.179135,0.41216,0.778848
peg_insertion,compliant_fixture_shift,nominal,0.1,0.43044,0.189862,0.145213,0.313632,0.230339,0.187776,0.41496
peg_insertion,compliant_fixture_shift,seen_contact_shift,0.38,0.525049,0.239075,0.174167,0.389136,0.271672,0.21024,0.528528
peg_insertion,compliant_fixture_shift,unseen_geometry,0.52,0.572354,0.333715,0.179958,0.534336,0.290043,0.22896,0.585312
peg_insertion,compliant_fixture_shift,unseen_friction,0.6,0.599385,0.239075,0.263923,0.389136,0.303821,0.236448,0.61776
peg_insertion,compliant_fixture_shift,unseen_compliance,0.66,0.619658,0.265574,0.200225,0.429792,0.423229,0.251424,0.642096
peg_insertion,compliant_fixture_shift,actuator_latency,0.66,0.619658,0.254218,0.19733,0.412368,0.308413,0.348768,0.642096
peg_insertion,compliant_fixture_shift,sensor_dropout,0.68,0.626416,0.265574,0.203121,0.429792,0.322191,0.277632,0.650208
peg_insertion,compliant_fixture_shift,heldout_mixed_non_smooth_stress,0.86,0.687236,0.326144,0.261028,0.52272,0.409452,0.32256,0.723216
peg_insertion,friction_cone_inversion,nominal,0.1,0.436453,0.167955,0.245361,0.266112,0.119968,0.177344,0.43624
peg_insertion,friction_cone_inversion,seen_contact_shift,0.38,0.532383,0.21149,0.294282,0.330176,0.141496,0.19856,0.555632
peg_insertion,friction_cone_inversion,unseen_geometry,0.52,0.580348,0.29521,0.304067,0.453376,0.151064,0.21624,0.615328
peg_insertion,friction_cone_inversion,unseen_friction,0.6,0.607757,0.21149,0.445939,0.330176,0.15824,0.223312,0.64944
peg_insertion,friction_cone_inversion,unseen_compliance,0.66,0.628313,0.234931,0.338312,0.364672,0.220432,0.237456,0.675024
peg_insertion,friction_cone_inversion,actuator_latency,0.66,0.628313,0.224885,0.33342,0.349888,0.160632,0.329392,0.675024
peg_insertion,friction_cone_inversion,sensor_dropout,0.68,0.635165,0.234931,0.343204,0.364672,0.167808,0.262208,0.683552
peg_insertion,friction_cone_inversion,heldout_mixed_non_smooth_stress,0.86,0.696835,0.288512,0.441047,0.44352,0.213256,0.30464,0.760304
peg_insertion,actuator_backlash,nominal,0.1,0.460502,0.255584,0.135199,0.247104,0.129565,0.500736,0.41496
peg_insertion,actuator_backlash,seen_contact_shift,0.38,0.561718,0.321832,0.162156,0.306592,0.152816,0.56064,0.528528
peg_insertion,actuator_backlash,unseen_geometry,0.52,0.612327,0.449232,0.167547,0.420992,0.163149,0.61056,0.585312
peg_insertion,actuator_backlash,unseen_friction,0.6,0.641245,0.321832,0.245722,0.306592,0.170899,0.630528,0.61776
peg_insertion,actuator_backlash,unseen_compliance,0.66,0.662935,0.357504,0.186417,0.338624,0.238067,0.670464,0.642096
peg_insertion,actuator_backlash,actuator_latency,0.66,0.662935,0.342216,0.183721,0.324896,0.173483,0.930048,0.642096
peg_insertion,actuator_backlash,sensor_dropout,0.68,0.670164,0.357504,0.189112,0.338624,0.181233,0.740352,0.650208
peg_insertion,actuator_backlash,heldout_mixed_non_smooth_stress,0.86,0.735232,0.43904,0.243026,0.41184,0.230316,0.86016,0.723216
peg_insertion,mixed_non_smooth_shock,nominal,0.1,0.532651,0.328608,0.220324,0.408672,0.211144,0.438144,0.50008
peg_insertion,mixed_non_smooth_shock,seen_contact_shift,0.38,0.649725,0.413784,0.264253,0.507056,0.249033,0.49056,0.636944
peg_insertion,mixed_non_smooth_shock,unseen_geometry,0.52,0.708262,0.577584,0.273039,0.696256,0.265873,0.53424,0.705376
peg_insertion,mixed_non_smooth_shock,unseen_friction,0.6,0.741711,0.413784,0.400435,0.507056,0.278502,0.551712,0.74448
peg_insertion,mixed_non_smooth_shock,unseen_compliance,0.66,0.766799,0.459648,0.30379,0.560032,0.38796,0.586656,0.773808
peg_insertion,mixed_non_smooth_shock,actuator_latency,0.66,0.766799,0.439992,0.299397,0.537328,0.282712,0.813792,0.773808
peg_insertion,mixed_non_smooth_shock,sensor_dropout,0.68,0.775161,0.459648,0.308183,0.560032,0.295342,0.647808,0.783584
peg_insertion,mixed_non_smooth_shock,heldout_mixed_non_smooth_stress,0.86,0.850423,0.56448,0.396042,0.68112,0.375331,0.75264,0.871568
drawer_opening,nominal_contact,nominal,0.1,0.249749,0.02921,0.061966,0.047952,0.042354,0.05216,0.08512
drawer_opening,nominal_contact,seen_contact_shift,0.38,0.304642,0.036781,0.074321,0.059496,0.049954,0.0584,0.108416
drawer_opening,nominal_contact,unseen_geometry,0.52,0.332089,0.051341,0.076792,0.081696,0.053332,0.0636,0.120064
drawer_opening,nominal_contact,unseen_friction,0.6,0.347773,0.036781,0.112622,0.059496,0.055866,0.06568,0.12672
drawer_opening,nominal_contact,unseen_compliance,0.66,0.359536,0.040858,0.085441,0.065712,0.077822,0.06984,0.131712
drawer_opening,nominal_contact,actuator_latency,0.66,0.359536,0.03911,0.084205,0.063048,0.05671,0.09688,0.131712
drawer_opening,nominal_contact,sensor_dropout,0.68,0.363457,0.040858,0.086676,0.065712,0.059244,0.07712,0.133376
drawer_opening,nominal_contact,heldout_mixed_non_smooth_stress,0.86,0.398745,0.050176,0.111387,0.07992,0.075289,0.0896,0.148352
drawer_opening,impact_onset,nominal,0.1,0.432398,0.196122,0.082621,0.111888,0.084708,0.219072,0.4256
drawer_opening,impact_onset,seen_contact_shift,0.38,0.527437,0.246957,0.099095,0.138824,0.099908,0.24528,0.54208
drawer_opening,impact_onset,unseen_geometry,0.52,0.574956,0.344717,0.10239,0.190624,0.106664,0.26712,0.60032
drawer_opening,impact_onset,unseen_friction,0.6,0.60211,0.246957,0.150163,0.138824,0.111731,0.275856,0.6336
drawer_opening,impact_onset,unseen_compliance,0.66,0.622476,0.27433,0.113921,0.153328,0.155644,0.293328,0.65856
drawer_opening,impact_onset,actuator_latency,0.66,0.622476,0.262598,0.112274,0.147112,0.11342,0.406896,0.65856
drawer_opening,impact_onset,sensor_dropout,0.68,0.629264,0.27433,0.115569,0.153328,0.118487,0.323904,0.66688
drawer_opening,impact_onset,heldout_mixed_non_smooth_stress,0.86,0.690361,0.336896,0.148516,0.18648,0.150577,0.37632,0.74176
drawer_opening,stick_slip_transition,nominal,0.1,0.343541,0.070938,0.330486,0.143856,0.133112,0.177344,0.39368
drawer_opening,stick_slip_transition,seen_contact_shift,0.38,0.41905,0.089325,0.39638,0.178488,0.156999,0.19856,0.501424
drawer_opening,stick_slip_transition,unseen_geometry,0.52,0.456804,0.124685,0.409559,0.245088,0.167615,0.21624,0.555296
drawer_opening,stick_slip_transition,unseen_friction,0.6,0.478378,0.089325,0.600653,0.178488,0.175578,0.223312,0.58608
drawer_opening,stick_slip_transition,unseen_compliance,0.66,0.494559,0.099226,0.455685,0.197136,0.244584,0.237456,0.609168
drawer_opening,stick_slip_transition,actuator_latency,0.66,0.494559,0.094982,0.449096,0.189144,0.178232,0.329392,0.609168
drawer_opening,stick_slip_transition,sensor_dropout,0.68,0.499952,0.099226,0.462275,0.197136,0.186194,0.262208,0.616864
drawer_opening,stick_slip_transition,heldout_mixed_non_smooth_stress,0.86,0.548494,0.121856,0.594063,0.23976,0.236621,0.30464,0.686128
drawer_opening,unilateral_lift_off,nominal,0.1,0.318859,0.10432,0.130817,0.087912,0.127062,0.20864,0.32984
drawer_opening,unilateral_lift_off,seen_contact_shift,0.38,0.388943,0.13136,0.1569,0.109076,0.149863,0.2336,0.420112
drawer_opening,unilateral_lift_off,unseen_geometry,0.52,0.423985,0.18336,0.162117,0.149776,0.159996,0.2544,0.465248
drawer_opening,unilateral_lift_off,unseen_friction,0.6,0.444008,0.13136,0.237758,0.109076,0.167597,0.26272,0.49104
drawer_opening,unilateral_lift_off,unseen_compliance,0.66,0.459026,0.14592,0.180375,0.120472,0.233466,0.27936,0.510384
drawer_opening,unilateral_lift_off,actuator_latency,0.66,0.459026,0.13968,0.177767,0.115588,0.17013,0.38752,0.510384
drawer_opening,unilateral_lift_off,sensor_dropout,0.68,0.464032,0.14592,0.182984,0.120472,0.177731,0.30848,0.516832
drawer_opening,unilateral_lift_off,heldout_mixed_non_smooth_stress,0.86,0.509086,0.1792,0.23515,0.14652,0.225866,0.3584,0.574864
drawer_opening,contact_jamming,nominal,0.1,0.363287,0.100147,0.158358,0.383616,0.157315,0.177344,0.45752
drawer_opening,contact_jamming,seen_contact_shift,0.38,0.443136,0.126106,0.189932,0.475968,0.185544,0.19856,0.582736
drawer_opening,contact_jamming,unseen_geometry,0.52,0.48306,0.176026,0.196247,0.653568,0.198091,0.21624,0.645344
drawer_opening,contact_jamming,unseen_friction,0.6,0.505874,0.126106,0.287813,0.475968,0.207501,0.223312,0.68112
drawer_opening,contact_jamming,unseen_compliance,0.66,0.522985,0.140083,0.218349,0.525696,0.289053,0.237456,0.707952
drawer_opening,contact_jamming,actuator_latency,0.66,0.522985,0.134093,0.215192,0.504384,0.210637,0.329392,0.707952
drawer_opening,contact_jamming,sensor_dropout,0.68,0.528688,0.140083,0.221507,0.525696,0.220047,0.262208,0.716896
drawer_opening,contact_jamming,heldout_mixed_non_smooth_stress,0.86,0.58002,0.172032,0.284655,0.63936,0.279644,0.30464,0.797392
drawer_opening,release_snap,nominal,0.1,0.397842,0.175258,0.165243,0.095904,0.127062,0.239936,0.44688
drawer_opening,release_snap,seen_contact_shift,0.38,0.485286,0.220685,0.19819,0.118992,0.149863,0.26864,0.569184
drawer_opening,release_snap,unseen_geometry,0.52,0.529008,0.308045,0.20478,0.163392,0.159996,0.29256,0.630336
drawer_opening,release_snap,unseen_friction,0.6,0.553992,0.220685,0.300326,0.118992,0.167597,0.302128,0.66528
drawer_opening,release_snap,unseen_compliance,0.66,0.57273,0.245146,0.227843,0.131424,0.233466,0.321264,0.691488
drawer_opening,release_snap,actuator_latency,0.66,0.57273,0.234662,0.224548,0.126096,0.17013,0.445648,0.691488
drawer_opening,release_snap,sensor_dropout,0.68,0.578976,0.245146,0.231137,0.131424,0.177731,0.354752,0.700224
drawer_opening,release_snap,heldout_mixed_non_smooth_stress,0.86,0.63519,0.301056,0.297032,0.15984,0.225866,0.41216,0.778848
drawer_opening,compliant_fixture_shift,nominal,0.1,0.353414,0.108493,0.199668,0.263736,0.290427,0.187776,0.41496
drawer_opening,compliant_fixture_shift,seen_contact_shift,0.38,0.431093,0.136614,0.23948,0.327228,0.342543,0.21024,0.528528
drawer_opening,compliant_fixture_shift,unseen_geometry,0.52,0.469932,0.190694,0.247442,0.449328,0.365706,0.22896,0.585312
drawer_opening,compliant_fixture_shift,unseen_friction,0.6,0.492126,0.136614,0.362894,0.327228,0.383078,0.236448,0.61776
drawer_opening,compliant_fixture_shift,unseen_compliance,0.66,0.508772,0.151757,0.27531,0.361416,0.533637,0.251424,0.642096
drawer_opening,compliant_fixture_shift,actuator_latency,0.66,0.508772,0.145267,0.271329,0.346764,0.388869,0.348768,0.642096
drawer_opening,compliant_fixture_shift,sensor_dropout,0.68,0.51432,0.151757,0.279291,0.361416,0.406241,0.277632,0.650208
drawer_opening,compliant_fixture_shift,heldout_mixed_non_smooth_stress,0.86,0.564257,0.186368,0.358913,0.43956,0.516265,0.32256,0.723216
drawer_opening,friction_cone_inversion,nominal,0.1,0.358351,0.095974,0.337371,0.223776,0.151264,0.177344,0.43624
drawer_opening,friction_cone_inversion,seen_contact_shift,0.38,0.437114,0.120851,0.404638,0.277648,0.178408,0.19856,0.555632
drawer_opening,friction_cone_inversion,unseen_geometry,0.52,0.476496,0.168691,0.418092,0.381248,0.190472,0.21624,0.615328
drawer_opening,friction_cone_inversion,unseen_friction,0.6,0.499,0.120851,0.613166,0.277648,0.19952,0.223312,0.64944
drawer_opening,friction_cone_inversion,unseen_compliance,0.66,0.515878,0.134246,0.465179,0.306656,0.277936,0.237456,0.675024
drawer_opening,friction_cone_inversion,actuator_latency,0.66,0.515878,0.128506,0.458452,0.294224,0.202536,0.329392,0.675024
drawer_opening,friction_cone_inversion,sensor_dropout,0.68,0.521504,0.134246,0.471905,0.306656,0.211584,0.262208,0.683552
drawer_opening,friction_cone_inversion,heldout_mixed_non_smooth_stress,0.86,0.572138,0.164864,0.60644,0.37296,0.268888,0.30464,0.760304
drawer_opening,actuator_backlash,nominal,0.1,0.378097,0.146048,0.185898,0.207792,0.163365,0.500736,0.41496
drawer_opening,actuator_backlash,seen_contact_shift,0.38,0.4612,0.183904,0.222964,0.257816,0.192681,0.56064,0.528528
drawer_opening,actuator_backlash,unseen_geometry,0.52,0.502752,0.256704,0.230377,0.354016,0.20571,0.61056,0.585312
drawer_opening,actuator_backlash,unseen_friction,0.6,0.526496,0.183904,0.337867,0.257816,0.215482,0.630528,0.61776
drawer_opening,actuator_backlash,unseen_compliance,0.66,0.544304,0.204288,0.256323,0.284752,0.300171,0.670464,0.642096
drawer_opening,actuator_backlash,actuator_latency,0.66,0.544304,0.195552,0.252616,0.273208,0.218739,0.930048,0.642096
drawer_opening,actuator_backlash,sensor_dropout,0.68,0.55024,0.204288,0.260029,0.284752,0.228511,0.740352,0.650208
drawer_opening,actuator_backlash,heldout_mixed_non_smooth_stress,0.86,0.603664,0.25088,0.334161,0.34632,0.290399,0.86016,0.723216
drawer_opening,mixed_non_smooth_shock,nominal,0.1,0.437334,0.187776,0.302945,0.343656,0.266225,0.438144,0.50008
drawer_opening,mixed_non_smooth_shock,seen_contact_shift,0.38,0.533458,0.236448,0.363348,0.426388,0.313998,0.49056,0.636944
drawer_opening,mixed_non_smooth_shock,unseen_geometry,0.52,0.58152,0.330048,0.375429,0.585488,0.335231,0.53424,0.705376
drawer_opening,mixed_non_smooth_shock,unseen_friction,0.6,0.608984,0.236448,0.550598,0.426388,0.351155,0.551712,0.74448
drawer_opening,mixed_non_smooth_shock,unseen_compliance,0.66,0.629582,0.262656,0.417711,0.470936,0.489167,0.586656,0.773808
drawer_opening,mixed_non_smooth_shock,actuator_latency,0.66,0.629582,0.251424,0.411671,0.451844,0.356463,0.813792,0.773808
drawer_opening,mixed_non_smooth_shock,sensor_dropout,0.68,0.636448,0.262656,0.423752,0.470936,0.372388,0.647808,0.783584
drawer_opening,mixed_non_smooth_shock,heldout_mixed_non_smooth_stress,0.86,0.698242,0.32256,0.544558,0.57276,0.473243,0.75264,0.871568
cable_routing,nominal_contact,nominal,0.1,0.275364,0.021907,0.071355,0.046656,0.05988,0.05216,0.08512
cable_routing,nominal_contact,seen_contact_shift,0.38,0.335887,0.027586,0.085582,0.057888,0.070625,0.0584,0.108416
cable_routing,nominal_contact,unseen_geometry,0.52,0.366149,0.038506,0.088428,0.079488,0.075401,0.0636,0.120064
cable_routing,nominal_contact,unseen_friction,0.6,0.383442,0.027586,0.129686,0.057888,0.078982,0.06568,0.12672
cable_routing,nominal_contact,unseen_compliance,0.66,0.396411,0.030643,0.098387,0.063936,0.110024,0.06984,0.131712
cable_routing,nominal_contact,actuator_latency,0.66,0.396411,0.029333,0.096964,0.061344,0.080176,0.09688,0.131712
cable_routing,nominal_contact,sensor_dropout,0.68,0.400734,0.030643,0.099809,0.063936,0.083758,0.07712,0.133376
cable_routing,nominal_contact,heldout_mixed_non_smooth_stress,0.86,0.439642,0.037632,0.128264,0.07776,0.106443,0.0896,0.148352
cable_routing,impact_onset,nominal,0.1,0.476746,0.147091,0.09514,0.108864,0.119759,0.219072,0.4256
cable_routing,impact_onset,seen_contact_shift,0.38,0.581533,0.185218,0.114109,0.135072,0.14125,0.24528,0.54208
cable_routing,impact_onset,unseen_geometry,0.52,0.633926,0.258538,0.117903,0.185472,0.150801,0.26712,0.60032
cable_routing,impact_onset,unseen_friction,0.6,0.663865,0.185218,0.172915,0.135072,0.157965,0.275856,0.6336
cable_routing,impact_onset,unseen_compliance,0.66,0.686319,0.205747,0.131182,0.149184,0.220049,0.293328,0.65856
cable_routing,impact_onset,actuator_latency,0.66,0.686319,0.196949,0.129285,0.143136,0.160353,0.406896,0.65856
cable_routing,impact_onset,sensor_dropout,0.68,0.693804,0.205747,0.133079,0.149184,0.167516,0.323904,0.66688
cable_routing,impact_onset,heldout_mixed_non_smooth_stress,0.86,0.761167,0.252672,0.171018,0.18144,0.212885,0.37632,0.74176
cable_routing,stick_slip_transition,nominal,0.1,0.378776,0.053203,0.380559,0.139968,0.188193,0.177344,0.39368
cable_routing,stick_slip_transition,seen_contact_shift,0.38,0.46203,0.066994,0.456438,0.173664,0.221964,0.19856,0.501424
cable_routing,stick_slip_transition,unseen_geometry,0.52,0.503656,0.093514,0.471613,0.238464,0.236973,0.21624,0.555296
cable_routing,stick_slip_transition,unseen_friction,0.6,0.527443,0.066994,0.691661,0.173664,0.24823,0.223312,0.58608
cable_routing,stick_slip_transition,unseen_compliance,0.66,0.545283,0.074419,0.524728,0.191808,0.345791,0.237456,0.609168
cable_routing,stick_slip_transition,actuator_latency,0.66,0.545283,0.071237,0.51714,0.184032,0.251983,0.329392,0.609168
cable_routing,stick_slip_transition,sensor_dropout,0.68,0.551229,0.074419,0.532316,0.191808,0.26324,0.262208,0.616864
cable_routing,stick_slip_transition,heldout_mixed_non_smooth_stress,0.86,0.604749,0.091392,0.684073,0.23328,0.334534,0.30464,0.686128
cable_routing,unilateral_lift_off,nominal,0.1,0.351562,0.07824,0.150638,0.085536,0.179639,0.20864,0.32984
cable_routing,unilateral_lift_off,seen_contact_shift,0.38,0.428834,0.09852,0.180673,0.106128,0.211875,0.2336,0.420112
cable_routing,unilateral_lift_off,unseen_geometry,0.52,0.46747,0.13752,0.18668,0.145728,0.226202,0.2544,0.465248
cable_routing,unilateral_lift_off,unseen_friction,0.6,0.489548,0.09852,0.273782,0.106128,0.236947,0.26272,0.49104
cable_routing,unilateral_lift_off,unseen_compliance,0.66,0.506106,0.10944,0.207705,0.117216,0.330073,0.27936,0.510384
cable_routing,unilateral_lift_off,actuator_latency,0.66,0.506106,0.10476,0.204701,0.112464,0.240529,0.38752,0.510384
cable_routing,unilateral_lift_off,sensor_dropout,0.68,0.511625,0.10944,0.210708,0.117216,0.251274,0.30848,0.516832
cable_routing,unilateral_lift_off,heldout_mixed_non_smooth_stress,0.86,0.5613,0.1344,0.270779,0.14256,0.319328,0.3584,0.574864
cable_routing,contact_jamming,nominal,0.1,0.400547,0.07511,0.182351,0.373248,0.22241,0.177344,0.45752
cable_routing,contact_jamming,seen_contact_shift,0.38,0.488586,0.094579,0.21871,0.463104,0.262321,0.19856,0.582736
cable_routing,contact_jamming,unseen_geometry,0.52,0.532605,0.132019,0.225981,0.635904,0.28006,0.21624,0.645344
cable_routing,contact_jamming,unseen_friction,0.6,0.557759,0.094579,0.331421,0.463104,0.293363,0.223312,0.68112
cable_routing,contact_jamming,unseen_compliance,0.66,0.576624,0.105062,0.251432,0.511488,0.408662,0.237456,0.707952
cable_routing,contact_jamming,actuator_latency,0.66,0.576624,0.10057,0.247796,0.490752,0.297798,0.329392,0.707952
cable_routing,contact_jamming,sensor_dropout,0.68,0.582913,0.105062,0.255068,0.511488,0.311101,0.262208,0.716896
cable_routing,contact_jamming,heldout_mixed_non_smooth_stress,0.86,0.639509,0.129024,0.327785,0.62208,0.395358,0.30464,0.797392
cable_routing,release_snap,nominal,0.1,0.438647,0.131443,0.19028,0.093312,0.179639,0.239936,0.44688
cable_routing,release_snap,seen_contact_shift,0.38,0.535059,0.165514,0.228219,0.115776,0.211875,0.26864,0.569184
cable_routing,release_snap,unseen_geometry,0.52,0.583265,0.231034,0.235807,0.158976,0.226202,0.29256,0.630336
cable_routing,release_snap,unseen_friction,0.6,0.610812,0.165514,0.34583,0.115776,0.236947,0.302128,0.66528
cable_routing,release_snap,unseen_compliance,0.66,0.631472,0.183859,0.262364,0.127872,0.330073,0.321264,0.691488
cable_routing,release_snap,actuator_latency,0.66,0.631472,0.175997,0.25857,0.122688,0.240529,0.445648,0.691488
cable_routing,release_snap,sensor_dropout,0.68,0.638358,0.183859,0.266158,0.127872,0.251274,0.354752,0.700224
cable_routing,release_snap,heldout_mixed_non_smooth_stress,0.86,0.700338,0.225792,0.342036,0.15552,0.319328,0.41216,0.778848
cable_routing,compliant_fixture_shift,nominal,0.1,0.389662,0.08137,0.229921,0.256608,0.410604,0.187776,0.41496
cable_routing,compliant_fixture_shift,seen_contact_shift,0.38,0.475308,0.102461,0.275764,0.318384,0.484285,0.21024,0.528528
cable_routing,compliant_fixture_shift,unseen_geometry,0.52,0.518131,0.143021,0.284933,0.437184,0.517033,0.22896,0.585312
cable_routing,compliant_fixture_shift,unseen_friction,0.6,0.542601,0.102461,0.417878,0.318384,0.541594,0.236448,0.61776
cable_routing,compliant_fixture_shift,unseen_compliance,0.66,0.560954,0.113818,0.317023,0.351648,0.754452,0.251424,0.642096
cable_routing,compliant_fixture_shift,actuator_latency,0.66,0.560954,0.10895,0.312439,0.337392,0.54978,0.348768,0.642096
cable_routing,compliant_fixture_shift,sensor_dropout,0.68,0.567071,0.113818,0.321608,0.351648,0.574341,0.277632,0.650208
cable_routing,compliant_fixture_shift,heldout_mixed_non_smooth_stress,0.86,0.622129,0.139776,0.413294,0.42768,0.729892,0.32256,0.723216
cable_routing,friction_cone_inversion,nominal,0.1,0.395105,0.071981,0.388488,0.217728,0.213856,0.177344,0.43624
cable_routing,friction_cone_inversion,seen_contact_shift,0.38,0.481947,0.090638,0.465947,0.270144,0.252232,0.19856,0.555632
cable_routing,friction_cone_inversion,unseen_geometry,0.52,0.525368,0.126518,0.481439,0.370944,0.269288,0.21624,0.615328
cable_routing,friction_cone_inversion,unseen_friction,0.6,0.55018,0.090638,0.70607,0.270144,0.28208,0.223312,0.64944
cable_routing,friction_cone_inversion,unseen_compliance,0.66,0.568789,0.100685,0.53566,0.298368,0.392944,0.237456,0.675024
cable_routing,friction_cone_inversion,actuator_latency,0.66,0.568789,0.096379,0.527914,0.286272,0.286344,0.329392,0.675024
cable_routing,friction_cone_inversion,sensor_dropout,0.68,0.574992,0.100685,0.543406,0.298368,0.299136,0.262208,0.683552
cable_routing,friction_cone_inversion,heldout_mixed_non_smooth_stress,0.86,0.630819,0.123648,0.698324,0.36288,0.380152,0.30464,0.760304
cable_routing,actuator_backlash,nominal,0.1,0.416876,0.109536,0.214065,0.202176,0.230964,0.500736,0.41496
cable_routing,actuator_backlash,seen_contact_shift,0.38,0.508503,0.137928,0.256746,0.250848,0.272411,0.56064,0.528528
cable_routing,actuator_backlash,unseen_geometry,0.52,0.554317,0.192528,0.265283,0.344448,0.290831,0.61056,0.585312
cable_routing,actuator_backlash,unseen_friction,0.6,0.580496,0.137928,0.389059,0.250848,0.304646,0.630528,0.61776
cable_routing,actuator_backlash,unseen_compliance,0.66,0.60013,0.153216,0.29516,0.277056,0.42438,0.670464,0.642096
cable_routing,actuator_backlash,actuator_latency,0.66,0.60013,0.146664,0.290892,0.265824,0.309252,0.930048,0.642096
cable_routing,actuator_backlash,sensor_dropout,0.68,0.606675,0.153216,0.299428,0.277056,0.323067,0.740352,0.650208
cable_routing,actuator_backlash,heldout_mixed_non_smooth_stress,0.86,0.665578,0.18816,0.384791,0.33696,0.410564,0.86016,0.723216
cable_routing,mixed_non_smooth_shock,nominal,0.1,0.482189,0.140832,0.348846,0.334368,0.376387,0.438144,0.50008
cable_routing,mixed_non_smooth_shock,seen_contact_shift,0.38,0.588172,0.177336,0.418401,0.414864,0.443928,0.49056,0.636944
cable_routing,mixed_non_smooth_shock,unseen_geometry,0.52,0.641163,0.247536,0.432312,0.569664,0.473947,0.53424,0.705376
cable_routing,mixed_non_smooth_shock,unseen_friction,0.6,0.671444,0.177336,0.634022,0.414864,0.496461,0.551712,0.74448
cable_routing,mixed_non_smooth_shock,unseen_compliance,0.66,0.694155,0.196992,0.481001,0.458208,0.691581,0.586656,0.773808
cable_routing,mixed_non_smooth_shock,actuator_latency,0.66,0.694155,0.188568,0.474045,0.439632,0.503965,0.813792,0.773808
cable_routing,mixed_non_smooth_shock,sensor_dropout,0.68,0.701725,0.196992,0.487956,0.458208,0.526479,0.647808,0.783584
cable_routing,mixed_non_smooth_shock,heldout_mixed_non_smooth_stress,0.86,0.769857,0.24192,0.627067,0.55728,0.669068,0.75264,0.871568
tool_levering,nominal_contact,nominal,0.1,0.26896,0.056959,0.048822,0.041472,0.036512,0.05216,0.08512
tool_levering,nominal_contact,seen_contact_shift,0.38,0.328076,0.071723,0.058556,0.051456,0.043064,0.0584,0.108416
tool_levering,nominal_contact,unseen_geometry,0.52,0.357634,0.100115,0.060503,0.070656,0.045976,0.0636,0.120064
tool_levering,nominal_contact,unseen_friction,0.6,0.374524,0.071723,0.088733,0.051456,0.04816,0.06568,0.12672
tool_levering,nominal_contact,unseen_compliance,0.66,0.387192,0.079672,0.067317,0.056832,0.067088,0.06984,0.131712
tool_levering,nominal_contact,actuator_latency,0.66,0.387192,0.076265,0.066344,0.054528,0.048888,0.09688,0.131712
tool_levering,nominal_contact,sensor_dropout,0.68,0.391415,0.079672,0.068291,0.056832,0.051072,0.07712,0.133376
tool_levering,nominal_contact,heldout_mixed_non_smooth_stress,0.86,0.429418,0.097843,0.087759,0.06912,0.064904,0.0896,0.148352
tool_levering,impact_onset,nominal,0.1,0.465659,0.382437,0.065096,0.096768,0.073024,0.219072,0.4256
tool_levering,impact_onset,seen_contact_shift,0.38,0.568009,0.481566,0.078075,0.120064,0.086128,0.24528,0.54208
tool_levering,impact_onset,unseen_geometry,0.52,0.619183,0.672198,0.080671,0.164864,0.091952,0.26712,0.60032
tool_levering,impact_onset,unseen_friction,0.6,0.648426,0.481566,0.11831,0.120064,0.09632,0.275856,0.6336
tool_levering,impact_onset,unseen_compliance,0.66,0.670358,0.534943,0.089756,0.132608,0.134176,0.293328,0.65856
tool_levering,impact_onset,actuator_latency,0.66,0.670358,0.512067,0.088458,0.127232,0.097776,0.406896,0.65856
tool_levering,impact_onset,sensor_dropout,0.68,0.677669,0.534943,0.091054,0.132608,0.102144,0.323904,0.66688
tool_levering,impact_onset,heldout_mixed_non_smooth_stress,0.86,0.743465,0.656947,0.117012,0.16128,0.129808,0.37632,0.74176
tool_levering,stick_slip_transition,nominal,0.1,0.369968,0.138328,0.260383,0.124416,0.114752,0.177344,0.39368
tool_levering,stick_slip_transition,seen_contact_shift,0.38,0.451285,0.174183,0.3123,0.154368,0.135344,0.19856,0.501424
tool_levering,stick_slip_transition,unseen_geometry,0.52,0.491943,0.243135,0.322683,0.211968,0.144496,0.21624,0.555296
tool_levering,stick_slip_transition,unseen_friction,0.6,0.515177,0.174183,0.473242,0.154368,0.15136,0.223312,0.58608
tool_levering,stick_slip_transition,unseen_compliance,0.66,0.532602,0.19349,0.359025,0.170496,0.210848,0.237456,0.609168
tool_levering,stick_slip_transition,actuator_latency,0.66,0.532602,0.185216,0.353833,0.163584,0.153648,0.329392,0.609168
tool_levering,stick_slip_transition,sensor_dropout,0.68,0.53841,0.19349,0.364216,0.170496,0.160512,0.262208,0.616864
tool_levering,stick_slip_transition,heldout_mixed_non_smooth_stress,0.86,0.590685,0.237619,0.46805,0.20736,0.203984,0.30464,0.686128
tool_levering,unilateral_lift_off,nominal,0.1,0.343387,0.203424,0.103068,0.076032,0.109536,0.20864,0.32984
tool_levering,unilateral_lift_off,seen_contact_shift,0.38,0.418861,0.256152,0.123619,0.094336,0.129192,0.2336,0.420112
tool_levering,unilateral_lift_off,unseen_geometry,0.52,0.456599,0.357552,0.127729,0.129536,0.137928,0.2544,0.465248
tool_levering,unilateral_lift_off,unseen_friction,0.6,0.478163,0.256152,0.187325,0.094336,0.14448,0.26272,0.49104
tool_levering,unilateral_lift_off,unseen_compliance,0.66,0.494336,0.284544,0.142114,0.104192,0.201264,0.27936,0.510384
tool_levering,unilateral_lift_off,actuator_latency,0.66,0.494336,0.272376,0.140059,0.099968,0.146664,0.38752,0.510384
tool_levering,unilateral_lift_off,sensor_dropout,0.68,0.499727,0.284544,0.144169,0.104192,0.153216,0.30848,0.516832
tool_levering,unilateral_lift_off,heldout_mixed_non_smooth_stress,0.86,0.548247,0.34944,0.18527,0.12672,0.194712,0.3584,0.574864
tool_levering,contact_jamming,nominal,0.1,0.391232,0.195287,0.124767,0.331776,0.135616,0.177344,0.45752
tool_levering,contact_jamming,seen_contact_shift,0.38,0.477223,0.245906,0.149644,0.411648,0.159952,0.19856,0.582736
tool_levering,contact_jamming,unseen_geometry,0.52,0.520219,0.34325,0.154619,0.565248,0.170768,0.21624,0.645344
tool_levering,contact_jamming,unseen_friction,0.6,0.544788,0.245906,0.226762,0.411648,0.17888,0.223312,0.68112
tool_levering,contact_jamming,unseen_compliance,0.66,0.563214,0.273162,0.172033,0.454656,0.249184,0.237456,0.707952
tool_levering,contact_jamming,actuator_latency,0.66,0.563214,0.261481,0.169545,0.436224,0.181584,0.329392,0.707952
tool_levering,contact_jamming,sensor_dropout,0.68,0.569357,0.273162,0.17452,0.454656,0.189696,0.262208,0.716896
tool_levering,contact_jamming,heldout_mixed_non_smooth_stress,0.86,0.624636,0.335462,0.224274,0.55296,0.241072,0.30464,0.797392
tool_levering,release_snap,nominal,0.1,0.428446,0.341752,0.130191,0.082944,0.109536,0.239936,0.44688
tool_levering,release_snap,seen_contact_shift,0.38,0.522616,0.430335,0.15615,0.102912,0.129192,0.26864,0.569184
tool_levering,release_snap,unseen_geometry,0.52,0.569701,0.600687,0.161341,0.141312,0.137928,0.29256,0.630336
tool_levering,release_snap,unseen_friction,0.6,0.596607,0.430335,0.236621,0.102912,0.14448,0.302128,0.66528
tool_levering,release_snap,unseen_compliance,0.66,0.616786,0.478034,0.179512,0.113664,0.201264,0.321264,0.691488
tool_levering,release_snap,actuator_latency,0.66,0.616786,0.457592,0.176916,0.109056,0.146664,0.445648,0.691488
tool_levering,release_snap,sensor_dropout,0.68,0.623513,0.478034,0.182108,0.113664,0.153216,0.354752,0.700224
tool_levering,release_snap,heldout_mixed_non_smooth_stress,0.86,0.684051,0.587059,0.234025,0.13824,0.194712,0.41216,0.778848
tool_levering,compliant_fixture_shift,nominal,0.1,0.3806,0.211561,0.157315,0.228096,0.250368,0.187776,0.41496
tool_levering,compliant_fixture_shift,seen_contact_shift,0.38,0.464254,0.266398,0.188681,0.283008,0.295296,0.21024,0.528528
tool_levering,compliant_fixture_shift,unseen_geometry,0.52,0.506081,0.371854,0.194954,0.388608,0.315264,0.22896,0.585312
tool_levering,compliant_fixture_shift,unseen_friction,0.6,0.529982,0.266398,0.285917,0.283008,0.33024,0.236448,0.61776
tool_levering,compliant_fixture_shift,unseen_compliance,0.66,0.547908,0.295926,0.216911,0.312576,0.460032,0.251424,0.642096
tool_levering,compliant_fixture_shift,actuator_latency,0.66,0.547908,0.283271,0.213774,0.299904,0.335232,0.348768,0.642096
tool_levering,compliant_fixture_shift,sensor_dropout,0.68,0.553883,0.295926,0.220047,0.312576,0.350208,0.277632,0.650208
tool_levering,compliant_fixture_shift,heldout_mixed_non_smooth_stress,0.86,0.607661,0.363418,0.28278,0.38016,0.445056,0.32256,0.723216
tool_levering,friction_cone_inversion,nominal,0.1,0.385916,0.18715,0.265807,0.193536,0.1304,0.177344,0.43624
tool_levering,friction_cone_inversion,seen_contact_shift,0.38,0.470739,0.23566,0.318806,0.240128,0.1538,0.19856,0.555632
tool_levering,friction_cone_inversion,unseen_geometry,0.52,0.51315,0.328948,0.329405,0.329728,0.1642,0.21624,0.615328
tool_levering,friction_cone_inversion,unseen_friction,0.6,0.537385,0.23566,0.483101,0.240128,0.172,0.223312,0.64944
tool_levering,friction_cone_inversion,unseen_compliance,0.66,0.555561,0.26178,0.366504,0.265216,0.2396,0.237456,0.675024
tool_levering,friction_cone_inversion,actuator_latency,0.66,0.555561,0.250586,0.361204,0.254464,0.1746,0.329392,0.675024
tool_levering,friction_cone_inversion,sensor_dropout,0.68,0.56162,0.26178,0.371804,0.265216,0.1824,0.262208,0.683552
tool_levering,friction_cone_inversion,heldout_mixed_non_smooth_stress,0.86,0.616149,0.321485,0.477801,0.32256,0.2318,0.30464,0.760304
tool_levering,actuator_backlash,nominal,0.1,0.407181,0.284794,0.146465,0.179712,0.140832,0.500736,0.41496
tool_levering,actuator_backlash,seen_contact_shift,0.38,0.496677,0.358613,0.175668,0.222976,0.166104,0.56064,0.528528
tool_levering,actuator_backlash,unseen_geometry,0.52,0.541426,0.500573,0.181509,0.306176,0.177336,0.61056,0.585312
tool_levering,actuator_backlash,unseen_friction,0.6,0.566996,0.358613,0.266198,0.222976,0.18576,0.630528,0.61776
tool_levering,actuator_backlash,unseen_compliance,0.66,0.586174,0.398362,0.201951,0.246272,0.258768,0.670464,0.642096
tool_levering,actuator_backlash,actuator_latency,0.66,0.586174,0.381326,0.199031,0.236288,0.188568,0.930048,0.642096
tool_levering,actuator_backlash,sensor_dropout,0.68,0.592566,0.398362,0.204872,0.246272,0.196992,0.740352,0.650208
tool_levering,actuator_backlash,heldout_mixed_non_smooth_stress,0.86,0.6501,0.489216,0.263278,0.29952,0.250344,0.86016,0.723216
tool_levering,mixed_non_smooth_shock,nominal,0.1,0.470975,0.366163,0.238684,0.297216,0.229504,0.438144,0.50008
tool_levering,mixed_non_smooth_shock,seen_contact_shift,0.38,0.574493,0.461074,0.286275,0.368768,0.270688,0.49056,0.636944
tool_levering,mixed_non_smooth_shock,unseen_geometry,0.52,0.626252,0.643594,0.295793,0.506368,0.288992,0.53424,0.705376
tool_levering,mixed_non_smooth_shock,unseen_friction,0.6,0.655829,0.461074,0.433805,0.368768,0.30272,0.551712,0.74448
tool_levering,mixed_non_smooth_shock,unseen_compliance,0.66,0.678011,0.512179,0.329106,0.407296,0.421696,0.586656,0.773808
tool_levering,mixed_non_smooth_shock,actuator_latency,0.66,0.678011,0.490277,0.324347,0.390784,0.307296,0.813792,0.773808
tool_levering,mixed_non_smooth_shock,sensor_dropout,0.68,0.685406,0.512179,0.333865,0.407296,0.321024,0.647808,0.783584
tool_levering,mixed_non_smooth_shock,heldout_mixed_non_smooth_stress,0.86,0.751953,0.628992,0.429046,0.49536,0.407968,0.75264,0.871568
mobile_pushing,nominal_contact,nominal,0.1,0.236941,0.033591,0.078866,0.0324,0.045275,0.05216,0.08512
mobile_pushing,nominal_contact,seen_contact_shift,0.38,0.289019,0.042298,0.094591,0.0402,0.053399,0.0584,0.108416
mobile_pushing,nominal_contact,unseen_geometry,0.52,0.315059,0.059042,0.097736,0.0552,0.05701,0.0636,0.120064
mobile_pushing,nominal_contact,unseen_friction,0.6,0.329938,0.042298,0.143338,0.0402,0.059718,0.06568,0.12672
mobile_pushing,nominal_contact,unseen_compliance,0.66,0.341098,0.046986,0.108743,0.0444,0.083189,0.06984,0.131712
mobile_pushing,nominal_contact,actuator_latency,0.66,0.341098,0.044977,0.107171,0.0426,0.060621,0.09688,0.131712
mobile_pushing,nominal_contact,sensor_dropout,0.68,0.344818,0.046986,0.110316,0.0444,0.063329,0.07712,0.133376
mobile_pushing,nominal_contact,heldout_mixed_non_smooth_stress,0.86,0.378297,0.057702,0.141765,0.054,0.080481,0.0896,0.148352
mobile_pushing,impact_onset,nominal,0.1,0.410223,0.22554,0.105155,0.0756,0.09055,0.219072,0.4256
mobile_pushing,impact_onset,seen_contact_shift,0.38,0.500389,0.284,0.126121,0.0938,0.106799,0.24528,0.54208
mobile_pushing,impact_onset,unseen_geometry,0.52,0.545471,0.396424,0.130314,0.1288,0.11402,0.26712,0.60032
mobile_pushing,impact_onset,unseen_friction,0.6,0.571233,0.284,0.191117,0.0938,0.119437,0.275856,0.6336
mobile_pushing,impact_onset,unseen_compliance,0.66,0.590554,0.315479,0.144991,0.1036,0.166378,0.293328,0.65856
mobile_pushing,impact_onset,actuator_latency,0.66,0.590554,0.301988,0.142894,0.0994,0.121242,0.406896,0.65856
mobile_pushing,impact_onset,sensor_dropout,0.68,0.596994,0.315479,0.147087,0.1036,0.126659,0.323904,0.66688
mobile_pushing,impact_onset,heldout_mixed_non_smooth_stress,0.86,0.654957,0.38743,0.18902,0.126,0.160962,0.37632,0.74176
mobile_pushing,stick_slip_transition,nominal,0.1,0.325924,0.081578,0.420618,0.0972,0.142292,0.177344,0.39368
mobile_pushing,stick_slip_transition,seen_contact_shift,0.38,0.39756,0.102724,0.504484,0.1206,0.167827,0.19856,0.501424
mobile_pushing,stick_slip_transition,unseen_geometry,0.52,0.433379,0.143388,0.521257,0.1656,0.179175,0.21624,0.555296
mobile_pushing,stick_slip_transition,unseen_friction,0.6,0.453846,0.102724,0.764467,0.1206,0.187686,0.223312,0.58608
mobile_pushing,stick_slip_transition,unseen_compliance,0.66,0.469197,0.114109,0.579963,0.1332,0.261452,0.237456,0.609168
mobile_pushing,stick_slip_transition,actuator_latency,0.66,0.469197,0.10923,0.571576,0.1278,0.190524,0.329392,0.609168
mobile_pushing,stick_slip_transition,sensor_dropout,0.68,0.474314,0.114109,0.588349,0.1332,0.199035,0.262208,0.616864
mobile_pushing,stick_slip_transition,heldout_mixed_non_smooth_stress,0.86,0.520366,0.140134,0.756081,0.162,0.25294,0.30464,0.686128
mobile_pushing,unilateral_lift_off,nominal,0.1,0.302507,0.119968,0.166495,0.0594,0.135825,0.20864,0.32984
mobile_pushing,unilateral_lift_off,seen_contact_shift,0.38,0.368997,0.151064,0.199692,0.0737,0.160198,0.2336,0.420112
mobile_pushing,unilateral_lift_off,unseen_geometry,0.52,0.402242,0.210864,0.206331,0.1012,0.171031,0.2544,0.465248
mobile_pushing,unilateral_lift_off,unseen_friction,0.6,0.421239,0.151064,0.302602,0.0737,0.179155,0.26272,0.49104
mobile_pushing,unilateral_lift_off,unseen_compliance,0.66,0.435487,0.167808,0.229569,0.0814,0.249567,0.27936,0.510384
mobile_pushing,unilateral_lift_off,actuator_latency,0.66,0.435487,0.160632,0.226249,0.0781,0.181863,0.38752,0.510384
mobile_pushing,unilateral_lift_off,sensor_dropout,0.68,0.440236,0.167808,0.232888,0.0814,0.189988,0.30848,0.516832
mobile_pushing,unilateral_lift_off,heldout_mixed_non_smooth_stress,0.86,0.482979,0.20608,0.299282,0.099,0.241443,0.3584,0.574864
mobile_pushing,contact_jamming,nominal,0.1,0.344657,0.115169,0.201546,0.2592,0.168164,0.177344,0.45752
mobile_pushing,contact_jamming,seen_contact_shift,0.38,0.420411,0.145021,0.241732,0.3216,0.19834,0.19856,0.582736
mobile_pushing,contact_jamming,unseen_geometry,0.52,0.458288,0.202429,0.249769,0.4416,0.211752,0.21624,0.645344
mobile_pushing,contact_jamming,unseen_friction,0.6,0.479932,0.145021,0.366307,0.3216,0.221811,0.223312,0.68112
mobile_pushing,contact_jamming,unseen_compliance,0.66,0.496165,0.161096,0.277899,0.3552,0.308988,0.237456,0.707952
mobile_pushing,contact_jamming,actuator_latency,0.66,0.496165,0.154207,0.27388,0.3408,0.225164,0.329392,0.707952
mobile_pushing,contact_jamming,sensor_dropout,0.68,0.501576,0.161096,0.281917,0.3552,0.235223,0.262208,0.716896
mobile_pushing,contact_jamming,heldout_mixed_non_smooth_stress,0.86,0.550275,0.197837,0.362289,0.432,0.298929,0.30464,0.797392
mobile_pushing,release_snap,nominal,0.1,0.37744,0.201546,0.210309,0.0648,0.135825,0.239936,0.44688
mobile_pushing,release_snap,seen_contact_shift,0.38,0.4604,0.253788,0.252242,0.0804,0.160198,0.26864,0.569184
mobile_pushing,release_snap,unseen_geometry,0.52,0.50188,0.354252,0.260628,0.1104,0.171031,0.29256,0.630336
mobile_pushing,release_snap,unseen_friction,0.6,0.525582,0.253788,0.382234,0.0804,0.179155,0.302128,0.66528
mobile_pushing,release_snap,unseen_compliance,0.66,0.543359,0.281917,0.289981,0.0888,0.249567,0.321264,0.691488
mobile_pushing,release_snap,actuator_latency,0.66,0.543359,0.269862,0.285788,0.0852,0.181863,0.445648,0.691488
mobile_pushing,release_snap,sensor_dropout,0.68,0.549285,0.281917,0.294175,0.0888,0.189988,0.354752,0.700224
mobile_pushing,release_snap,heldout_mixed_non_smooth_stress,0.86,0.602616,0.346214,0.37804,0.108,0.241443,0.41216,0.778848
mobile_pushing,compliant_fixture_shift,nominal,0.1,0.33529,0.124767,0.254124,0.1782,0.310456,0.187776,0.41496
mobile_pushing,compliant_fixture_shift,seen_contact_shift,0.38,0.408986,0.157107,0.304792,0.2211,0.366167,0.21024,0.528528
mobile_pushing,compliant_fixture_shift,unseen_geometry,0.52,0.445833,0.219299,0.314926,0.3036,0.390927,0.22896,0.585312
mobile_pushing,compliant_fixture_shift,unseen_friction,0.6,0.466889,0.157107,0.461866,0.2211,0.409498,0.236448,0.61776
mobile_pushing,compliant_fixture_shift,unseen_compliance,0.66,0.482681,0.17452,0.350394,0.2442,0.57044,0.251424,0.642096
mobile_pushing,compliant_fixture_shift,actuator_latency,0.66,0.482681,0.167057,0.345327,0.2343,0.415688,0.348768,0.642096
mobile_pushing,compliant_fixture_shift,sensor_dropout,0.68,0.487945,0.17452,0.355461,0.2442,0.434258,0.277632,0.650208
mobile_pushing,compliant_fixture_shift,heldout_mixed_non_smooth_stress,0.86,0.53532,0.214323,0.456799,0.297,0.551869,0.32256,0.723216
mobile_pushing,friction_cone_inversion,nominal,0.1,0.339974,0.110371,0.429381,0.1512,0.161696,0.177344,0.43624
mobile_pushing,friction_cone_inversion,seen_contact_shift,0.38,0.414698,0.138979,0.514994,0.1876,0.190712,0.19856,0.555632
mobile_pushing,friction_cone_inversion,unseen_geometry,0.52,0.452061,0.193995,0.532116,0.2576,0.203608,0.21624,0.615328
mobile_pushing,friction_cone_inversion,unseen_friction,0.6,0.473411,0.138979,0.780394,0.1876,0.21328,0.223312,0.64944
mobile_pushing,friction_cone_inversion,unseen_compliance,0.66,0.489423,0.154383,0.592045,0.2072,0.297104,0.237456,0.675024
mobile_pushing,friction_cone_inversion,actuator_latency,0.66,0.489423,0.147781,0.583484,0.1988,0.216504,0.329392,0.675024
mobile_pushing,friction_cone_inversion,sensor_dropout,0.68,0.49476,0.154383,0.600607,0.2072,0.226176,0.262208,0.683552
mobile_pushing,friction_cone_inversion,heldout_mixed_non_smooth_stress,0.86,0.542798,0.189594,0.771832,0.252,0.287432,0.30464,0.760304
mobile_pushing,actuator_backlash,nominal,0.1,0.358707,0.167955,0.236598,0.1404,0.174632,0.500736,0.41496
mobile_pushing,actuator_backlash,seen_contact_shift,0.38,0.437549,0.21149,0.283772,0.1742,0.205969,0.56064,0.528528
mobile_pushing,actuator_backlash,unseen_geometry,0.52,0.47697,0.29521,0.293207,0.2392,0.219897,0.61056,0.585312
mobile_pushing,actuator_backlash,unseen_friction,0.6,0.499496,0.21149,0.430013,0.1742,0.230342,0.630528,0.61776
mobile_pushing,actuator_backlash,unseen_compliance,0.66,0.516391,0.234931,0.326229,0.1924,0.320872,0.670464,0.642096
mobile_pushing,actuator_backlash,actuator_latency,0.66,0.516391,0.224885,0.321512,0.1846,0.233824,0.930048,0.642096
mobile_pushing,actuator_backlash,sensor_dropout,0.68,0.522023,0.234931,0.330947,0.1924,0.24427,0.740352,0.650208
mobile_pushing,actuator_backlash,heldout_mixed_non_smooth_stress,0.86,0.572707,0.288512,0.425295,0.234,0.310427,0.86016,0.723216
mobile_pushing,mixed_non_smooth_shock,nominal,0.1,0.414907,0.215942,0.385567,0.2322,0.284585,0.438144,0.50008
mobile_pushing,mixed_non_smooth_shock,seen_contact_shift,0.38,0.506101,0.271915,0.462444,0.2881,0.335653,0.49056,0.636944
mobile_pushing,mixed_non_smooth_shock,unseen_geometry,0.52,0.551699,0.379555,0.477819,0.3956,0.35835,0.53424,0.705376
mobile_pushing,mixed_non_smooth_shock,unseen_friction,0.6,0.577754,0.271915,0.700762,0.2881,0.375373,0.551712,0.74448
mobile_pushing,mixed_non_smooth_shock,unseen_compliance,0.66,0.597296,0.302054,0.531633,0.3182,0.522903,0.586656,0.773808
mobile_pushing,mixed_non_smooth_shock,actuator_latency,0.66,0.597296,0.289138,0.523945,0.3053,0.381047,0.813792,0.773808
mobile_pushing,mixed_non_smooth_shock,sensor_dropout,0.68,0.60381,0.302054,0.53932,0.3182,0.39807,0.647808,0.783584
mobile_pushing,mixed_non_smooth_shock,heldout_mixed_non_smooth_stress,0.86,0.662435,0.370944,0.693074,0.387,0.50588,0.75264,0.871568
bimanual_alignment,nominal_contact,nominal,0.1,0.288171,0.042354,0.065722,0.050544,0.051117,0.05216,0.08512
bimanual_alignment,nominal_contact,seen_contact_shift,0.38,0.35151,0.053332,0.078826,0.062712,0.06029,0.0584,0.108416
bimanual_alignment,nominal_contact,unseen_geometry,0.52,0.383179,0.074444,0.081446,0.086112,0.064366,0.0636,0.120064
bimanual_alignment,nominal_contact,unseen_friction,0.6,0.401276,0.053332,0.119448,0.062712,0.067424,0.06568,0.12672
bimanual_alignment,nominal_contact,unseen_compliance,0.66,0.414849,0.059244,0.090619,0.069264,0.093923,0.06984,0.131712
bimanual_alignment,nominal_contact,actuator_latency,0.66,0.414849,0.05671,0.089309,0.066456,0.068443,0.09688,0.131712
bimanual_alignment,nominal_contact,sensor_dropout,0.68,0.419373,0.059244,0.09193,0.069264,0.071501,0.07712,0.133376
bimanual_alignment,nominal_contact,heldout_mixed_non_smooth_stress,0.86,0.460091,0.072755,0.118138,0.08424,0.090866,0.0896,0.148352
bimanual_alignment,impact_onset,nominal,0.1,0.49892,0.284376,0.087629,0.117936,0.102234,0.219072,0.4256
bimanual_alignment,impact_onset,seen_contact_shift,0.38,0.608581,0.358087,0.105101,0.146328,0.120579,0.24528,0.54208
bimanual_alignment,impact_onset,unseen_geometry,0.52,0.663411,0.499839,0.108595,0.200928,0.128733,0.26712,0.60032
bimanual_alignment,impact_onset,unseen_friction,0.6,0.694742,0.358087,0.159264,0.146328,0.134848,0.275856,0.6336
bimanual_alignment,impact_onset,unseen_compliance,0.66,0.718241,0.397778,0.120826,0.161616,0.187846,0.293328,0.65856
bimanual_alignment,impact_onset,actuator_latency,0.66,0.718241,0.380768,0.119078,0.155064,0.136886,0.406896,0.65856
bimanual_alignment,impact_onset,sensor_dropout,0.68,0.726074,0.397778,0.122573,0.161616,0.143002,0.323904,0.66688
bimanual_alignment,impact_onset,heldout_mixed_non_smooth_stress,0.86,0.79657,0.488499,0.157517,0.19656,0.181731,0.37632,0.74176
bimanual_alignment,stick_slip_transition,nominal,0.1,0.396394,0.10286,0.350515,0.151632,0.160653,0.177344,0.39368
bimanual_alignment,stick_slip_transition,seen_contact_shift,0.38,0.483519,0.129521,0.420403,0.188136,0.189482,0.19856,0.501424
bimanual_alignment,stick_slip_transition,unseen_geometry,0.52,0.527082,0.180793,0.434381,0.258336,0.202294,0.21624,0.555296
bimanual_alignment,stick_slip_transition,unseen_friction,0.6,0.551975,0.129521,0.637056,0.188136,0.211904,0.223312,0.58608
bimanual_alignment,stick_slip_transition,unseen_compliance,0.66,0.570645,0.143877,0.483302,0.207792,0.295187,0.237456,0.609168
bimanual_alignment,stick_slip_transition,actuator_latency,0.66,0.570645,0.137724,0.476314,0.199368,0.215107,0.329392,0.609168
bimanual_alignment,stick_slip_transition,sensor_dropout,0.68,0.576868,0.143877,0.490291,0.207792,0.224717,0.262208,0.616864
bimanual_alignment,stick_slip_transition,heldout_mixed_non_smooth_stress,0.86,0.632877,0.176691,0.630067,0.25272,0.285578,0.30464,0.686128
bimanual_alignment,unilateral_lift_off,nominal,0.1,0.367914,0.151264,0.138746,0.092664,0.15335,0.20864,0.32984
bimanual_alignment,unilateral_lift_off,seen_contact_shift,0.38,0.44878,0.190472,0.16641,0.114972,0.180869,0.2336,0.420112
bimanual_alignment,unilateral_lift_off,unseen_geometry,0.52,0.489213,0.265872,0.171942,0.157872,0.193099,0.2544,0.465248
bimanual_alignment,unilateral_lift_off,unseen_friction,0.6,0.512317,0.190472,0.252168,0.114972,0.202272,0.26272,0.49104
bimanual_alignment,unilateral_lift_off,unseen_compliance,0.66,0.529646,0.211584,0.191307,0.126984,0.28177,0.27936,0.510384
bimanual_alignment,unilateral_lift_off,actuator_latency,0.66,0.529646,0.202536,0.188541,0.121836,0.20533,0.38752,0.510384
bimanual_alignment,unilateral_lift_off,sensor_dropout,0.68,0.535422,0.211584,0.194074,0.126984,0.214502,0.30848,0.516832
bimanual_alignment,unilateral_lift_off,heldout_mixed_non_smooth_stress,0.86,0.587407,0.25984,0.249402,0.15444,0.272597,0.3584,0.574864
bimanual_alignment,contact_jamming,nominal,0.1,0.419178,0.145213,0.167955,0.404352,0.189862,0.177344,0.45752
bimanual_alignment,contact_jamming,seen_contact_shift,0.38,0.511311,0.182853,0.201443,0.501696,0.223933,0.19856,0.582736
bimanual_alignment,contact_jamming,unseen_geometry,0.52,0.557377,0.255237,0.208141,0.688896,0.239075,0.21624,0.645344
bimanual_alignment,contact_jamming,unseen_friction,0.6,0.583701,0.182853,0.305256,0.501696,0.250432,0.223312,0.68112
bimanual_alignment,contact_jamming,unseen_compliance,0.66,0.603444,0.203121,0.231582,0.554112,0.348858,0.237456,0.707952
bimanual_alignment,contact_jamming,actuator_latency,0.66,0.603444,0.194435,0.228234,0.531648,0.254218,0.329392,0.707952
bimanual_alignment,contact_jamming,sensor_dropout,0.68,0.610025,0.203121,0.234931,0.554112,0.265574,0.262208,0.716896
bimanual_alignment,contact_jamming,heldout_mixed_non_smooth_stress,0.86,0.669253,0.249446,0.301907,0.67392,0.337501,0.30464,0.797392
bimanual_alignment,release_snap,nominal,0.1,0.459049,0.254124,0.175258,0.101088,0.15335,0.239936,0.44688
bimanual_alignment,release_snap,seen_contact_shift,0.38,0.559946,0.319993,0.210202,0.125424,0.180869,0.26864,0.569184
bimanual_alignment,release_snap,unseen_geometry,0.52,0.610394,0.446665,0.21719,0.172224,0.193099,0.29256,0.630336
bimanual_alignment,release_snap,unseen_friction,0.6,0.639222,0.319993,0.318528,0.125424,0.202272,0.302128,0.66528
bimanual_alignment,release_snap,unseen_compliance,0.66,0.660842,0.355461,0.241651,0.138528,0.28177,0.321264,0.691488
bimanual_alignment,release_snap,actuator_latency,0.66,0.660842,0.34026,0.238157,0.132912,0.20533,0.445648,0.691488
bimanual_alignment,release_snap,sensor_dropout,0.68,0.668049,0.355461,0.245146,0.138528,0.214502,0.354752,0.700224
bimanual_alignment,release_snap,heldout_mixed_non_smooth_stress,0.86,0.732912,0.436531,0.315034,0.16848,0.272597,0.41216,0.778848
bimanual_alignment,compliant_fixture_shift,nominal,0.1,0.407786,0.157315,0.21177,0.277992,0.350515,0.187776,0.41496
bimanual_alignment,compliant_fixture_shift,seen_contact_shift,0.38,0.497415,0.198091,0.253994,0.344916,0.413414,0.21024,0.528528
bimanual_alignment,compliant_fixture_shift,unseen_geometry,0.52,0.54223,0.276507,0.262438,0.473616,0.44137,0.22896,0.585312
bimanual_alignment,compliant_fixture_shift,unseen_friction,0.6,0.567838,0.198091,0.384888,0.344916,0.462336,0.236448,0.61776
bimanual_alignment,compliant_fixture_shift,unseen_compliance,0.66,0.587044,0.220047,0.291995,0.380952,0.644045,0.251424,0.642096
bimanual_alignment,compliant_fixture_shift,actuator_latency,0.66,0.587044,0.210637,0.287773,0.365508,0.469325,0.348768,0.642096
bimanual_alignment,compliant_fixture_shift,sensor_dropout,0.68,0.593446,0.220047,0.296218,0.380952,0.490291,0.277632,0.650208
bimanual_alignment,compliant_fixture_shift,heldout_mixed_non_smooth_stress,0.86,0.651065,0.270234,0.380666,0.46332,0.623078,0.32256,0.723216
bimanual_alignment,friction_cone_inversion,nominal,0.1,0.413482,0.139163,0.357818,0.235872,0.18256,0.177344,0.43624
bimanual_alignment,friction_cone_inversion,seen_contact_shift,0.38,0.504363,0.175234,0.429162,0.292656,0.21532,0.19856,0.555632
bimanual_alignment,friction_cone_inversion,unseen_geometry,0.52,0.549804,0.244602,0.44343,0.401856,0.22988,0.21624,0.615328
bimanual_alignment,friction_cone_inversion,unseen_friction,0.6,0.57577,0.175234,0.650328,0.292656,0.2408,0.223312,0.64944
bimanual_alignment,friction_cone_inversion,unseen_compliance,0.66,0.595244,0.194657,0.493371,0.323232,0.33544,0.237456,0.675024
bimanual_alignment,friction_cone_inversion,actuator_latency,0.66,0.595244,0.186333,0.486237,0.310128,0.24444,0.329392,0.675024
bimanual_alignment,friction_cone_inversion,sensor_dropout,0.68,0.601736,0.194657,0.500506,0.323232,0.25536,0.262208,0.683552
bimanual_alignment,friction_cone_inversion,heldout_mixed_non_smooth_stress,0.86,0.660159,0.239053,0.643194,0.39312,0.32452,0.30464,0.760304
bimanual_alignment,actuator_backlash,nominal,0.1,0.436265,0.21177,0.197165,0.219024,0.197165,0.500736,0.41496
bimanual_alignment,actuator_backlash,seen_contact_shift,0.38,0.532154,0.266661,0.236477,0.271752,0.232546,0.56064,0.528528
bimanual_alignment,actuator_backlash,unseen_geometry,0.52,0.580099,0.372221,0.244339,0.373152,0.24827,0.61056,0.585312
bimanual_alignment,actuator_backlash,unseen_friction,0.6,0.607496,0.266661,0.358344,0.271752,0.260064,0.630528,0.61776
bimanual_alignment,actuator_backlash,unseen_compliance,0.66,0.628043,0.296218,0.271858,0.300144,0.362275,0.670464,0.642096
bimanual_alignment,actuator_backlash,actuator_latency,0.66,0.628043,0.28355,0.267926,0.287976,0.263995,0.930048,0.642096
bimanual_alignment,actuator_backlash,sensor_dropout,0.68,0.634893,0.296218,0.275789,0.300144,0.275789,0.740352,0.650208
bimanual_alignment,actuator_backlash,heldout_mixed_non_smooth_stress,0.86,0.696535,0.363776,0.354413,0.36504,0.350482,0.86016,0.723216
bimanual_alignment,mixed_non_smooth_shock,nominal,0.1,0.504616,0.272275,0.321306,0.362232,0.321306,0.438144,0.50008
bimanual_alignment,mixed_non_smooth_shock,seen_contact_shift,0.38,0.615529,0.34285,0.38537,0.449436,0.378963,0.49056,0.636944
bimanual_alignment,mixed_non_smooth_shock,unseen_geometry,0.52,0.670985,0.47857,0.398182,0.617136,0.404589,0.53424,0.705376
bimanual_alignment,mixed_non_smooth_shock,unseen_friction,0.6,0.702674,0.34285,0.583968,0.449436,0.423808,0.551712,0.74448
bimanual_alignment,mixed_non_smooth_shock,unseen_compliance,0.66,0.726441,0.380851,0.443027,0.496392,0.590374,0.586656,0.773808
bimanual_alignment,mixed_non_smooth_shock,actuator_latency,0.66,0.726441,0.364565,0.436621,0.476268,0.430214,0.813792,0.773808
bimanual_alignment,mixed_non_smooth_shock,sensor_dropout,0.68,0.734363,0.380851,0.449434,0.496392,0.449434,0.647808,0.783584
bimanual_alignment,mixed_non_smooth_shock,heldout_mixed_non_smooth_stress,0.86,0.805664,0.467712,0.577562,0.60372,0.571155,0.75264,0.871568
deformable_press_fit,nominal_contact,nominal,0.1,0.281768,0.039433,0.07511,0.053136,0.068643,0.05216,0.08512
deformable_press_fit,nominal_contact,seen_contact_shift,0.38,0.343699,0.049654,0.090086,0.065928,0.08096,0.0584,0.108416
deformable_press_fit,nominal_contact,unseen_geometry,0.52,0.374664,0.06931,0.093082,0.090528,0.086435,0.0636,0.120064
deformable_press_fit,nominal_contact,unseen_friction,0.6,0.392359,0.049654,0.136512,0.065928,0.090541,0.06568,0.12672
deformable_press_fit,nominal_contact,unseen_compliance,0.66,0.40563,0.055158,0.103565,0.072816,0.126125,0.06984,0.131712
deformable_press_fit,nominal_contact,actuator_latency,0.66,0.40563,0.052799,0.102067,0.069864,0.091909,0.09688,0.131712
deformable_press_fit,nominal_contact,sensor_dropout,0.68,0.410054,0.055158,0.105062,0.072816,0.096015,0.07712,0.133376
deformable_press_fit,nominal_contact,heldout_mixed_non_smooth_stress,0.86,0.449866,0.067738,0.135014,0.08856,0.12202,0.0896,0.148352
deformable_press_fit,impact_onset,nominal,0.1,0.487833,0.264764,0.100147,0.123984,0.137285,0.219072,0.4256
deformable_press_fit,impact_onset,seen_contact_shift,0.38,0.595057,0.333392,0.120115,0.153832,0.161921,0.24528,0.54208
deformable_press_fit,impact_onset,unseen_geometry,0.52,0.648668,0.465368,0.124109,0.211232,0.17287,0.26712,0.60032
deformable_press_fit,impact_onset,unseen_friction,0.6,0.679304,0.333392,0.182016,0.153832,0.181082,0.275856,0.6336
deformable_press_fit,impact_onset,unseen_compliance,0.66,0.70228,0.370345,0.138086,0.169904,0.252251,0.293328,0.65856
deformable_press_fit,impact_onset,actuator_latency,0.66,0.70228,0.354508,0.13609,0.163016,0.183819,0.406896,0.65856
deformable_press_fit,impact_onset,sensor_dropout,0.68,0.709939,0.370345,0.140083,0.169904,0.192031,0.323904,0.66688
deformable_press_fit,impact_onset,heldout_mixed_non_smooth_stress,0.86,0.778868,0.45481,0.180019,0.20664,0.244039,0.37632,0.74176
deformable_press_fit,stick_slip_transition,nominal,0.1,0.387585,0.095766,0.400589,0.159408,0.215734,0.177344,0.39368
deformable_press_fit,stick_slip_transition,seen_contact_shift,0.38,0.472774,0.120588,0.480461,0.197784,0.254447,0.19856,0.501424
deformable_press_fit,stick_slip_transition,unseen_geometry,0.52,0.515369,0.168324,0.496435,0.271584,0.271652,0.21624,0.555296
deformable_press_fit,stick_slip_transition,unseen_friction,0.6,0.539709,0.120588,0.728064,0.197784,0.284557,0.223312,0.58608
deformable_press_fit,stick_slip_transition,unseen_compliance,0.66,0.557964,0.133955,0.552346,0.218448,0.396394,0.237456,0.609168
deformable_press_fit,stick_slip_transition,actuator_latency,0.66,0.557964,0.128226,0.544358,0.209592,0.288858,0.329392,0.609168
deformable_press_fit,stick_slip_transition,sensor_dropout,0.68,0.564049,0.133955,0.560333,0.218448,0.301763,0.262208,0.616864
deformable_press_fit,stick_slip_transition,heldout_mixed_non_smooth_stress,0.86,0.618813,0.164506,0.720077,0.26568,0.38349,0.30464,0.686128
deformable_press_fit,unilateral_lift_off,nominal,0.1,0.359738,0.140832,0.158566,0.097416,0.205928,0.20864,0.32984
deformable_press_fit,unilateral_lift_off,seen_contact_shift,0.38,0.438807,0.177336,0.190182,0.120868,0.242881,0.2336,0.420112
deformable_press_fit,unilateral_lift_off,unseen_geometry,0.52,0.478342,0.247536,0.196506,0.165968,0.259305,0.2544,0.465248
deformable_press_fit,unilateral_lift_off,unseen_friction,0.6,0.500933,0.177336,0.288192,0.120868,0.271622,0.26272,0.49104
deformable_press_fit,unilateral_lift_off,unseen_compliance,0.66,0.517876,0.196992,0.218637,0.133496,0.378376,0.27936,0.510384
deformable_press_fit,unilateral_lift_off,actuator_latency,0.66,0.517876,0.188568,0.215475,0.128084,0.275728,0.38752,0.510384
deformable_press_fit,unilateral_lift_off,sensor_dropout,0.68,0.523524,0.196992,0.221798,0.133496,0.288046,0.30848,0.516832
deformable_press_fit,unilateral_lift_off,heldout_mixed_non_smooth_stress,0.86,0.574354,0.24192,0.28503,0.16236,0.366059,0.3584,0.574864
deformable_press_fit,contact_jamming,nominal,0.1,0.409862,0.135199,0.191949,0.425088,0.254958,0.177344,0.45752
deformable_press_fit,contact_jamming,seen_contact_shift,0.38,0.499948,0.170243,0.230221,0.527424,0.30071,0.19856,0.582736
deformable_press_fit,contact_jamming,unseen_geometry,0.52,0.544991,0.237635,0.237875,0.724224,0.321044,0.21624,0.645344
deformable_press_fit,contact_jamming,unseen_friction,0.6,0.57073,0.170243,0.348864,0.527424,0.336294,0.223312,0.68112
deformable_press_fit,contact_jamming,unseen_compliance,0.66,0.590034,0.189112,0.264666,0.582528,0.468466,0.237456,0.707952
deformable_press_fit,contact_jamming,actuator_latency,0.66,0.590034,0.181025,0.260838,0.558912,0.341378,0.329392,0.707952
deformable_press_fit,contact_jamming,sensor_dropout,0.68,0.596469,0.189112,0.268493,0.582528,0.356628,0.262208,0.716896
deformable_press_fit,contact_jamming,heldout_mixed_non_smooth_stress,0.86,0.654381,0.232243,0.345037,0.70848,0.453215,0.30464,0.797392
deformable_press_fit,release_snap,nominal,0.1,0.448848,0.236598,0.200294,0.106272,0.205928,0.239936,0.44688
deformable_press_fit,release_snap,seen_contact_shift,0.38,0.547502,0.297924,0.24023,0.131856,0.242881,0.26864,0.569184
deformable_press_fit,release_snap,unseen_geometry,0.52,0.59683,0.41586,0.248218,0.181056,0.259305,0.29256,0.630336
deformable_press_fit,release_snap,unseen_friction,0.6,0.625017,0.297924,0.364032,0.131856,0.271622,0.302128,0.66528
deformable_press_fit,release_snap,unseen_compliance,0.66,0.646157,0.330947,0.276173,0.145632,0.378376,0.321264,0.691488
deformable_press_fit,release_snap,actuator_latency,0.66,0.646157,0.316794,0.272179,0.139728,0.275728,0.445648,0.691488
deformable_press_fit,release_snap,sensor_dropout,0.68,0.653204,0.330947,0.280166,0.145632,0.288046,0.354752,0.700224
deformable_press_fit,release_snap,heldout_mixed_non_smooth_stress,0.86,0.716625,0.406426,0.360038,0.17712,0.366059,0.41216,0.778848
deformable_press_fit,compliant_fixture_shift,nominal,0.1,0.398724,0.146465,0.242022,0.292248,0.470692,0.187776,0.41496
deformable_press_fit,compliant_fixture_shift,seen_contact_shift,0.38,0.486361,0.184429,0.290278,0.362604,0.555156,0.21024,0.528528
deformable_press_fit,compliant_fixture_shift,unseen_geometry,0.52,0.53018,0.257437,0.29993,0.497904,0.592696,0.22896,0.585312
deformable_press_fit,compliant_fixture_shift,unseen_friction,0.6,0.555219,0.184429,0.439872,0.362604,0.620851,0.236448,0.61776
deformable_press_fit,compliant_fixture_shift,unseen_compliance,0.66,0.573999,0.204872,0.333709,0.400488,0.86486,0.251424,0.642096
deformable_press_fit,compliant_fixture_shift,actuator_latency,0.66,0.573999,0.196111,0.328883,0.384252,0.630236,0.348768,0.642096
deformable_press_fit,compliant_fixture_shift,sensor_dropout,0.68,0.580259,0.204872,0.338534,0.400488,0.658391,0.277632,0.650208
deformable_press_fit,compliant_fixture_shift,heldout_mixed_non_smooth_stress,0.86,0.636597,0.251597,0.435046,0.48708,0.836705,0.32256,0.723216
deformable_press_fit,friction_cone_inversion,nominal,0.1,0.404293,0.129565,0.408934,0.247968,0.245152,0.177344,0.43624
deformable_press_fit,friction_cone_inversion,seen_contact_shift,0.38,0.493155,0.163149,0.49047,0.307664,0.289144,0.19856,0.555632
deformable_press_fit,friction_cone_inversion,unseen_geometry,0.52,0.537586,0.227733,0.506778,0.422464,0.308696,0.21624,0.615328
deformable_press_fit,friction_cone_inversion,unseen_friction,0.6,0.562975,0.163149,0.743232,0.307664,0.32336,0.223312,0.64944
deformable_press_fit,friction_cone_inversion,unseen_compliance,0.66,0.582017,0.181233,0.563853,0.339808,0.450448,0.237456,0.675024
deformable_press_fit,friction_cone_inversion,actuator_latency,0.66,0.582017,0.173483,0.555699,0.326032,0.328248,0.329392,0.675024
deformable_press_fit,friction_cone_inversion,sensor_dropout,0.68,0.588364,0.181233,0.572006,0.339808,0.342912,0.262208,0.683552
deformable_press_fit,friction_cone_inversion,heldout_mixed_non_smooth_stress,0.86,0.645489,0.222566,0.735078,0.41328,0.435784,0.30464,0.760304
deformable_press_fit,actuator_backlash,nominal,0.1,0.42657,0.197165,0.225331,0.230256,0.264764,0.500736,0.41496
deformable_press_fit,actuator_backlash,seen_contact_shift,0.38,0.520329,0.24827,0.270259,0.285688,0.312276,0.56064,0.528528
deformable_press_fit,actuator_backlash,unseen_geometry,0.52,0.567208,0.34655,0.279245,0.392288,0.333392,0.61056,0.585312
deformable_press_fit,actuator_backlash,unseen_friction,0.6,0.593996,0.24827,0.409536,0.285688,0.349229,0.630528,0.61776
deformable_press_fit,actuator_backlash,unseen_compliance,0.66,0.614087,0.275789,0.310694,0.315536,0.486484,0.670464,0.642096
deformable_press_fit,actuator_backlash,actuator_latency,0.66,0.614087,0.263995,0.306202,0.302744,0.354508,0.930048,0.642096
deformable_press_fit,actuator_backlash,sensor_dropout,0.68,0.620784,0.275789,0.315187,0.315536,0.370345,0.740352,0.650208
deformable_press_fit,actuator_backlash,heldout_mixed_non_smooth_stress,0.86,0.681057,0.338688,0.405043,0.38376,0.470647,0.86016,0.723216
deformable_press_fit,mixed_non_smooth_shock,nominal,0.1,0.493403,0.253498,0.367206,0.380808,0.431468,0.438144,0.50008
deformable_press_fit,mixed_non_smooth_shock,seen_contact_shift,0.38,0.60185,0.319205,0.440422,0.472484,0.508893,0.49056,0.636944
deformable_press_fit,mixed_non_smooth_shock,unseen_geometry,0.52,0.656074,0.445565,0.455066,0.648784,0.543305,0.53424,0.705376
deformable_press_fit,mixed_non_smooth_shock,unseen_friction,0.6,0.687059,0.319205,0.667392,0.472484,0.569114,0.551712,0.74448
deformable_press_fit,mixed_non_smooth_shock,unseen_compliance,0.66,0.710298,0.354586,0.506317,0.521848,0.792788,0.586656,0.773808
deformable_press_fit,mixed_non_smooth_shock,actuator_latency,0.66,0.710298,0.339422,0.498995,0.500692,0.577716,0.813792,0.773808
deformable_press_fit,mixed_non_smooth_shock,sensor_dropout,0.68,0.718044,0.354586,0.513638,0.521848,0.603525,0.647808,0.783584
deformable_press_fit,mixed_non_smooth_shock,heldout_mixed_non_smooth_stress,0.86,0.78776,0.435456,0.66007,0.63468,0.76698,0.75264,0.871568
legged_foot_placement,nominal_contact,nominal,0.1,0.275364,0.054038,0.073233,0.027216,0.046735,0.05216,0.08512
legged_foot_placement,nominal_contact,seen_contact_shift,0.38,0.335887,0.068044,0.087834,0.033768,0.055122,0.0584,0.108416
legged_foot_placement,nominal_contact,unseen_geometry,0.52,0.366149,0.09498,0.090755,0.046368,0.058849,0.0636,0.120064
legged_foot_placement,nominal_contact,unseen_friction,0.6,0.383442,0.068044,0.133099,0.033768,0.061645,0.06568,0.12672
legged_foot_placement,nominal_contact,unseen_compliance,0.66,0.396411,0.075587,0.100976,0.037296,0.085873,0.06984,0.131712
legged_foot_placement,nominal_contact,actuator_latency,0.66,0.396411,0.072354,0.099516,0.035784,0.062577,0.09688,0.131712
legged_foot_placement,nominal_contact,sensor_dropout,0.68,0.400734,0.075587,0.102436,0.037296,0.065372,0.07712,0.133376
legged_foot_placement,nominal_contact,heldout_mixed_non_smooth_stress,0.86,0.439642,0.092826,0.131639,0.04536,0.083077,0.0896,0.148352
legged_foot_placement,impact_onset,nominal,0.1,0.476746,0.362825,0.097644,0.063504,0.093471,0.219072,0.4256
legged_foot_placement,impact_onset,seen_contact_shift,0.38,0.581533,0.45687,0.117112,0.078792,0.110244,0.24528,0.54208
legged_foot_placement,impact_onset,unseen_geometry,0.52,0.633926,0.637726,0.121006,0.108192,0.117699,0.26712,0.60032
legged_foot_placement,impact_onset,unseen_friction,0.6,0.663865,0.45687,0.177466,0.078792,0.12329,0.275856,0.6336
legged_foot_placement,impact_onset,unseen_compliance,0.66,0.686319,0.50751,0.134634,0.087024,0.171745,0.293328,0.65856
legged_foot_placement,impact_onset,actuator_latency,0.66,0.686319,0.485807,0.132687,0.083496,0.125153,0.406896,0.65856
legged_foot_placement,impact_onset,sensor_dropout,0.68,0.693804,0.50751,0.136581,0.087024,0.130744,0.323904,0.66688
legged_foot_placement,impact_onset,heldout_mixed_non_smooth_stress,0.86,0.761167,0.623258,0.175519,0.10584,0.166154,0.37632,0.74176
legged_foot_placement,stick_slip_transition,nominal,0.1,0.378776,0.131235,0.390574,0.081648,0.146883,0.177344,0.39368
legged_foot_placement,stick_slip_transition,seen_contact_shift,0.38,0.46203,0.165251,0.468449,0.101304,0.17324,0.19856,0.501424
legged_foot_placement,stick_slip_transition,unseen_geometry,0.52,0.503656,0.230667,0.484024,0.139104,0.184955,0.21624,0.555296
legged_foot_placement,stick_slip_transition,unseen_friction,0.6,0.527443,0.165251,0.709862,0.101304,0.193741,0.223312,0.58608
legged_foot_placement,stick_slip_transition,unseen_compliance,0.66,0.545283,0.183567,0.538537,0.111888,0.269885,0.237456,0.609168
legged_foot_placement,stick_slip_transition,actuator_latency,0.66,0.545283,0.175717,0.530749,0.107352,0.196669,0.329392,0.609168
legged_foot_placement,stick_slip_transition,sensor_dropout,0.68,0.551229,0.183567,0.546324,0.111888,0.205455,0.262208,0.616864
legged_foot_placement,stick_slip_transition,heldout_mixed_non_smooth_stress,0.86,0.604749,0.225434,0.702075,0.13608,0.2611,0.30464,0.686128
legged_foot_placement,unilateral_lift_off,nominal,0.1,0.351562,0.192992,0.154602,0.049896,0.140206,0.20864,0.32984
legged_foot_placement,unilateral_lift_off,seen_contact_shift,0.38,0.428834,0.243016,0.185428,0.061908,0.165366,0.2336,0.420112
legged_foot_placement,unilateral_lift_off,unseen_geometry,0.52,0.46747,0.339216,0.191593,0.085008,0.176548,0.2544,0.465248
legged_foot_placement,unilateral_lift_off,unseen_friction,0.6,0.489548,0.243016,0.280987,0.061908,0.184934,0.26272,0.49104
legged_foot_placement,unilateral_lift_off,unseen_compliance,0.66,0.506106,0.269952,0.213171,0.068376,0.257618,0.27936,0.510384
legged_foot_placement,unilateral_lift_off,actuator_latency,0.66,0.506106,0.258408,0.210088,0.065604,0.18773,0.38752,0.510384
legged_foot_placement,unilateral_lift_off,sensor_dropout,0.68,0.511625,0.269952,0.216253,0.068376,0.196116,0.30848,0.516832
legged_foot_placement,unilateral_lift_off,heldout_mixed_non_smooth_stress,0.86,0.5613,0.33152,0.277905,0.08316,0.249231,0.3584,0.574864
legged_foot_placement,contact_jamming,nominal,0.1,0.400547,0.185272,0.18715,0.217728,0.173588,0.177344,0.45752
legged_foot_placement,contact_jamming,seen_contact_shift,0.38,0.488586,0.233295,0.224465,0.270144,0.204739,0.19856,0.582736
legged_foot_placement,contact_jamming,unseen_geometry,0.52,0.532605,0.325647,0.231928,0.370944,0.218583,0.21624,0.645344
legged_foot_placement,contact_jamming,unseen_friction,0.6,0.557759,0.233295,0.340142,0.270144,0.228966,0.223312,0.68112
legged_foot_placement,contact_jamming,unseen_compliance,0.66,0.576624,0.259154,0.258049,0.298368,0.318956,0.237456,0.707952
legged_foot_placement,contact_jamming,actuator_latency,0.66,0.576624,0.248072,0.254317,0.286272,0.232428,0.329392,0.707952
legged_foot_placement,contact_jamming,sensor_dropout,0.68,0.582913,0.259154,0.26178,0.298368,0.242811,0.262208,0.716896
legged_foot_placement,contact_jamming,heldout_mixed_non_smooth_stress,0.86,0.639509,0.318259,0.336411,0.36288,0.308572,0.30464,0.797392
legged_foot_placement,release_snap,nominal,0.1,0.438647,0.324227,0.195287,0.054432,0.140206,0.239936,0.44688
legged_foot_placement,release_snap,seen_contact_shift,0.38,0.535059,0.408267,0.234225,0.067536,0.165366,0.26864,0.569184
legged_foot_placement,release_snap,unseen_geometry,0.52,0.583265,0.569883,0.242012,0.092736,0.176548,0.29256,0.630336
legged_foot_placement,release_snap,unseen_friction,0.6,0.610812,0.408267,0.354931,0.067536,0.184934,0.302128,0.66528
legged_foot_placement,release_snap,unseen_compliance,0.66,0.631472,0.453519,0.269268,0.074592,0.257618,0.321264,0.691488
legged_foot_placement,release_snap,actuator_latency,0.66,0.631472,0.434125,0.265375,0.071568,0.18773,0.445648,0.691488
legged_foot_placement,release_snap,sensor_dropout,0.68,0.638358,0.453519,0.273162,0.074592,0.196116,0.354752,0.700224
legged_foot_placement,release_snap,heldout_mixed_non_smooth_stress,0.86,0.700338,0.556954,0.351037,0.09072,0.249231,0.41216,0.778848
legged_foot_placement,compliant_fixture_shift,nominal,0.1,0.389662,0.200712,0.235972,0.149688,0.320471,0.187776,0.41496
legged_foot_placement,compliant_fixture_shift,seen_contact_shift,0.38,0.475308,0.252737,0.283021,0.185724,0.377979,0.21024,0.528528
legged_foot_placement,compliant_fixture_shift,unseen_geometry,0.52,0.518131,0.352785,0.292431,0.255024,0.403538,0.22896,0.585312
legged_foot_placement,compliant_fixture_shift,unseen_friction,0.6,0.542601,0.252737,0.428875,0.185724,0.422707,0.236448,0.61776
legged_foot_placement,compliant_fixture_shift,unseen_compliance,0.66,0.560954,0.28075,0.325366,0.205128,0.588841,0.251424,0.642096
legged_foot_placement,compliant_fixture_shift,actuator_latency,0.66,0.560954,0.268744,0.320661,0.196812,0.429097,0.348768,0.642096
legged_foot_placement,compliant_fixture_shift,sensor_dropout,0.68,0.567071,0.28075,0.330071,0.205128,0.448266,0.277632,0.650208
legged_foot_placement,compliant_fixture_shift,heldout_mixed_non_smooth_stress,0.86,0.622129,0.344781,0.42417,0.24948,0.569672,0.32256,0.723216
legged_foot_placement,friction_cone_inversion,nominal,0.1,0.395105,0.177553,0.398711,0.127008,0.166912,0.177344,0.43624
legged_foot_placement,friction_cone_inversion,seen_contact_shift,0.38,0.481947,0.223575,0.478209,0.157584,0.196864,0.19856,0.555632
legged_foot_placement,friction_cone_inversion,unseen_geometry,0.52,0.525368,0.312079,0.494108,0.216384,0.210176,0.21624,0.615328
legged_foot_placement,friction_cone_inversion,unseen_friction,0.6,0.55018,0.223575,0.724651,0.157584,0.22016,0.223312,0.64944
legged_foot_placement,friction_cone_inversion,unseen_compliance,0.66,0.568789,0.248356,0.549756,0.174048,0.306688,0.237456,0.675024
legged_foot_placement,friction_cone_inversion,actuator_latency,0.66,0.568789,0.237735,0.541807,0.166992,0.223488,0.329392,0.675024
legged_foot_placement,friction_cone_inversion,sensor_dropout,0.68,0.574992,0.248356,0.557706,0.174048,0.233472,0.262208,0.683552
legged_foot_placement,friction_cone_inversion,heldout_mixed_non_smooth_stress,0.86,0.630819,0.304998,0.716701,0.21168,0.296704,0.30464,0.760304
legged_foot_placement,actuator_backlash,nominal,0.1,0.416876,0.270189,0.219698,0.117936,0.180265,0.500736,0.41496
legged_foot_placement,actuator_backlash,seen_contact_shift,0.38,0.508503,0.340222,0.263503,0.146328,0.212613,0.56064,0.528528
legged_foot_placement,actuator_backlash,unseen_geometry,0.52,0.554317,0.474902,0.272264,0.200928,0.22699,0.61056,0.585312
legged_foot_placement,actuator_backlash,unseen_friction,0.6,0.580496,0.340222,0.399298,0.146328,0.237773,0.630528,0.61776
legged_foot_placement,actuator_backlash,unseen_compliance,0.66,0.60013,0.377933,0.302927,0.161616,0.331223,0.670464,0.642096
legged_foot_placement,actuator_backlash,actuator_latency,0.66,0.60013,0.361771,0.298547,0.155064,0.241367,0.930048,0.642096
legged_foot_placement,actuator_backlash,sensor_dropout,0.68,0.606675,0.377933,0.307308,0.161616,0.25215,0.740352,0.650208
legged_foot_placement,actuator_backlash,heldout_mixed_non_smooth_stress,0.86,0.665578,0.464128,0.394917,0.19656,0.32044,0.86016,0.723216
legged_foot_placement,mixed_non_smooth_shock,nominal,0.1,0.482189,0.347386,0.358026,0.195048,0.293765,0.438144,0.50008
legged_foot_placement,mixed_non_smooth_shock,seen_contact_shift,0.38,0.588172,0.437429,0.429412,0.242004,0.346481,0.49056,0.636944
legged_foot_placement,mixed_non_smooth_shock,unseen_geometry,0.52,0.641163,0.610589,0.443689,0.332304,0.36991,0.53424,0.705376
legged_foot_placement,mixed_non_smooth_shock,unseen_friction,0.6,0.671444,0.437429,0.650707,0.242004,0.387482,0.551712,0.74448
legged_foot_placement,mixed_non_smooth_shock,unseen_compliance,0.66,0.694155,0.485914,0.493659,0.267288,0.539771,0.586656,0.773808
legged_foot_placement,mixed_non_smooth_shock,actuator_latency,0.66,0.694155,0.465134,0.48652,0.256452,0.393339,0.813792,0.773808
legged_foot_placement,mixed_non_smooth_shock,sensor_dropout,0.68,0.701725,0.485914,0.500797,0.267288,0.410911,0.647808,0.783584
legged_foot_placement,mixed_non_smooth_shock,heldout_mixed_non_smooth_stress,0.86,0.769857,0.596736,0.643569,0.32508,0.522199,0.75264,0.871568
